action,tool,in_static_ui_layout,verification,followup_stage
common.API.pluginsReload,common.API,no,Registered; individual UI behavior not verified,8
common.Checker.excludeMarker,common.Checker,no,Registered; individual UI behavior not verified,13
common.Checker.nextMarker,common.Checker,no,Registered; individual UI behavior not verified,13
common.Checker.prevMarker,common.Checker,no,Registered; individual UI behavior not verified,13
common.Control.activatePointEditor,common.Control,no,Registered; individual UI behavior not verified,8
common.Control.addLibrary,common.Control,no,Registered; individual UI behavior not verified,8
common.Control.centerContents,common.Control,no,Registered; individual UI behavior not verified,8
common.Control.centerJustify,common.Control,no,Registered; individual UI behavior not verified,8
common.Control.centerSelection,common.Control,no,Registered; individual UI behavior not verified,8
common.Control.collapseAll,common.Control,no,Registered; individual UI behavior not verified,8
common.Control.cursor45Crosshairs,common.Control,no,Registered; individual UI behavior not verified,8
common.Control.cursorClick,common.Control,no,Registered; individual UI behavior not verified,8
common.Control.cursorDblClick,common.Control,no,Registered; individual UI behavior not verified,8
common.Control.cursorDown,common.Control,no,Registered; individual UI behavior not verified,8
common.Control.cursorDownFast,common.Control,no,Registered; individual UI behavior not verified,8
common.Control.cursorFullCrosshairs,common.Control,no,Registered; individual UI behavior not verified,8
common.Control.cursorLeft,common.Control,no,Registered; individual UI behavior not verified,8
common.Control.cursorLeftFast,common.Control,no,Registered; individual UI behavior not verified,8
common.Control.cursorRight,common.Control,no,Registered; individual UI behavior not verified,8
common.Control.cursorRightFast,common.Control,no,Registered; individual UI behavior not verified,8
common.Control.cursorSmallCrosshairs,common.Control,no,Registered; individual UI behavior not verified,8
common.Control.cursorUp,common.Control,no,Registered; individual UI behavior not verified,8
common.Control.cursorUpFast,common.Control,no,Registered; individual UI behavior not verified,8
common.Control.ddaddLibrary,common.Control,no,Registered; individual UI behavior not verified,8
common.Control.editGridOrigin,common.Control,no,Registered; individual UI behavior not verified,8
common.Control.editGrids,common.Control,yes,Registered; individual UI behavior not verified,8
common.Control.expandAll,common.Control,no,Registered; individual UI behavior not verified,8
common.Control.gridFast1,common.Control,no,Registered; individual UI behavior not verified,8
common.Control.gridFast2,common.Control,no,Registered; individual UI behavior not verified,8
common.Control.gridFastCycle,common.Control,no,Registered; individual UI behavior not verified,8
common.Control.gridNext,common.Control,yes,Registered; individual UI behavior not verified,8
common.Control.gridPreset,common.Control,no,Registered; individual UI behavior not verified,8
common.Control.gridPrev,common.Control,no,Registered; individual UI behavior not verified,8
common.Control.gridResetOrigin,common.Control,no,Registered; individual UI behavior not verified,8
common.Control.gridSetOrigin,common.Control,no,Registered; individual UI behavior not verified,8
common.Control.hideLibraryTree,common.Control,no,Registered; individual UI behavior not verified,8
common.Control.highContrastMode,common.Control,no,Registered; individual UI behavior not verified,8
common.Control.highContrastModeCycle,common.Control,no,Registered; individual UI behavior not verified,8
common.Control.imperialUnits,common.Control,no,Registered; individual UI behavior not verified,8
common.Control.leftJustify,common.Control,no,Registered; individual UI behavior not verified,8
common.Control.libraryTreeSearch,common.Control,no,Registered; individual UI behavior not verified,8
common.Control.metricUnits,common.Control,no,Registered; individual UI behavior not verified,8
common.Control.mils,common.Control,no,Registered; individual UI behavior not verified,8
common.Control.new,common.Control,yes,Registered; individual UI behavior not verified,8
common.Control.newLibrary,common.Control,no,Registered; individual UI behavior not verified,8
common.Control.open,common.Control,yes,Registered; individual UI behavior not verified,8
common.Control.openDirectory,common.Control,no,Registered; individual UI behavior not verified,8
common.Control.openWithTextEditor,common.Control,no,Registered; individual UI behavior not verified,8
common.Control.pageSettings,common.Control,yes,Registered; individual UI behavior not verified,8
common.Control.panDown,common.Control,no,Registered; individual UI behavior not verified,8
common.Control.panLeft,common.Control,no,Registered; individual UI behavior not verified,8
common.Control.panRight,common.Control,no,Registered; individual UI behavior not verified,8
common.Control.panUp,common.Control,no,Registered; individual UI behavior not verified,8
common.Control.pinLibrary,common.Control,no,Registered; individual UI behavior not verified,8
common.Control.plot,common.Control,yes,Registered; individual UI behavior not verified,8
common.Control.print,common.Control,yes,Registered; individual UI behavior not verified,8
common.Control.quit,common.Control,yes,Registered; individual UI behavior not verified,8
common.Control.redoZoom,common.Control,no,Registered; individual UI behavior not verified,8
common.Control.refreshPreview,common.Control,no,Registered; individual UI behavior not verified,8
common.Control.resetLocalCoords,common.Control,no,Registered; individual UI behavior not verified,8
common.Control.revert,common.Control,yes,Registered; individual UI behavior not verified,8
common.Control.rightJustify,common.Control,no,Registered; individual UI behavior not verified,8
common.Control.save,common.Control,yes,AnEditSurvivesASaveAndAReload,6
common.Control.saveAll,common.Control,yes,Registered; individual UI behavior not verified,8
common.Control.saveAs,common.Control,yes,Registered; individual UI behavior not verified,8
common.Control.saveCopy,common.Control,no,Registered; individual UI behavior not verified,8
common.Control.selectColumns,common.Control,no,Registered; individual UI behavior not verified,8
common.Control.show3DViewer,common.Control,no,Registered; individual UI behavior not verified,8
common.Control.showCalculatorTools,common.Control,no,Registered; individual UI behavior not verified,8
common.Control.showContextMenu,common.Control,no,Registered; individual UI behavior not verified,8
common.Control.showDatasheet,common.Control,no,Registered; individual UI behavior not verified,8
common.Control.showFootprintBrowser,common.Control,no,Registered; individual UI behavior not verified,8
common.Control.showFootprintEditor,common.Control,no,Registered; individual UI behavior not verified,8
common.Control.showLibraryTree,common.Control,no,Registered; individual UI behavior not verified,8
common.Control.showProjectManager,common.Control,no,Registered; individual UI behavior not verified,8
common.Control.showProperties,common.Control,no,Registered; individual UI behavior not verified,8
common.Control.showSymbolBrowser,common.Control,yes,Registered; individual UI behavior not verified,8
common.Control.showSymbolEditor,common.Control,yes,Registered; individual UI behavior not verified,8
common.Control.toggleBoundingBoxes,common.Control,no,Registered; individual UI behavior not verified,8
common.Control.toggleCursor,common.Control,no,Registered; individual UI behavior not verified,8
common.Control.toggleGrid,common.Control,yes,Registered; individual UI behavior not verified,8
common.Control.toggleGridOverrides,common.Control,no,Registered; individual UI behavior not verified,8
common.Control.togglePolarCoords,common.Control,no,Registered; individual UI behavior not verified,8
common.Control.toggleUnits,common.Control,yes,Registered; individual UI behavior not verified,8
common.Control.undoZoom,common.Control,no,Registered; individual UI behavior not verified,8
common.Control.unpinLibrary,common.Control,no,Registered; individual UI behavior not verified,8
common.Control.updateFind,common.Control,no,Registered; individual UI behavior not verified,8
common.Control.updatePcbFromSchematic,common.Control,yes,Registered; individual UI behavior not verified,8
common.Control.updatePreferences,common.Control,no,Registered; individual UI behavior not verified,8
common.Control.updateSchematicFromPCB,common.Control,yes,Registered; individual UI behavior not verified,8
common.Control.updateUnits,common.Control,no,Registered; individual UI behavior not verified,8
common.Control.zoomCenter,common.Control,no,Registered; individual UI behavior not verified,8
common.Control.zoomFitObjects,common.Control,yes,Registered; individual UI behavior not verified,8
common.Control.zoomFitScreen,common.Control,yes,Registered; individual UI behavior not verified,8
common.Control.zoomFitSelection,common.Control,no,Registered; individual UI behavior not verified,8
common.Control.zoomIn,common.Control,yes,Registered; individual UI behavior not verified,8
common.Control.zoomInCenter,common.Control,no,Registered; individual UI behavior not verified,8
common.Control.zoomInHorizontally,common.Control,no,Registered; individual UI behavior not verified,8
common.Control.zoomInVertically,common.Control,no,Registered; individual UI behavior not verified,8
common.Control.zoomOut,common.Control,yes,Registered; individual UI behavior not verified,8
common.Control.zoomOutCenter,common.Control,no,Registered; individual UI behavior not verified,8
common.Control.zoomOutHorizontally,common.Control,no,Registered; individual UI behavior not verified,8
common.Control.zoomOutVertically,common.Control,no,Registered; individual UI behavior not verified,8
common.Control.zoomPreset,common.Control,yes,Registered; individual UI behavior not verified,8
common.Control.zoomRedraw,common.Control,no,Registered; individual UI behavior not verified,8
common.Control.zoomTool,common.Control,no,Registered; individual UI behavior not verified,8
common.Embed.embededFile,common.Embed,no,Registered; individual UI behavior not verified,8
common.Embed.extractFile,common.Embed,no,Registered; individual UI behavior not verified,8
common.Embed.removeFile,common.Embed,no,Registered; individual UI behavior not verified,8
common.Groups.groupProperties,common.Groups,no,Registered; individual UI behavior not verified,8
common.Groups.selectNewGroupMember,common.Groups,no,Registered; individual UI behavior not verified,8
common.Interactive.addToGroup,common.Interactive,no,Registered; individual UI behavior not verified,8
common.Interactive.cancel,common.Interactive,yes,Registered; individual UI behavior not verified,8
common.Interactive.copy,common.Interactive,yes,Registered; individual UI behavior not verified,8
common.Interactive.copyAsText,common.Interactive,no,Registered; individual UI behavior not verified,8
common.Interactive.cut,common.Interactive,yes,Registered; individual UI behavior not verified,8
common.Interactive.cycleArcEditMode,common.Interactive,no,Registered; individual UI behavior not verified,8
common.Interactive.delete,common.Interactive,yes,JunctionDeletionMergesWiresAndBusesAndRoundTrips,6
common.Interactive.deleteTool,common.Interactive,yes,Registered; individual UI behavior not verified,8
common.Interactive.duplicate,common.Interactive,yes,CancelMoveAndDuplicatePreservesIdentityAndUndo; DuplicateAndRepeatCommitOnceWithFreshIdentity,6
common.Interactive.find,common.Interactive,yes,Registered; individual UI behavior not verified,8
common.Interactive.findAndReplace,common.Interactive,yes,Registered; individual UI behavior not verified,8
common.Interactive.findNext,common.Interactive,yes,Registered; individual UI behavior not verified,8
common.Interactive.findNextMarker,common.Interactive,no,Registered; individual UI behavior not verified,8
common.Interactive.findPrevious,common.Interactive,no,Registered; individual UI behavior not verified,8
common.Interactive.finish,common.Interactive,no,Registered; individual UI behavior not verified,8
common.Interactive.group,common.Interactive,no,Registered; individual UI behavior not verified,8
common.Interactive.groupEnter,common.Interactive,no,Registered; individual UI behavior not verified,8
common.Interactive.groupLeave,common.Interactive,no,Registered; individual UI behavior not verified,8
common.Interactive.measureTool,common.Interactive,yes,Registered; individual UI behavior not verified,8
common.Interactive.paste,common.Interactive,yes,Registered; individual UI behavior not verified,8
common.Interactive.pasteSpecial,common.Interactive,no,Registered; individual UI behavior not verified,8
common.Interactive.redo,common.Interactive,yes,AnEditIsRecordedUndoneAndRedone,6
common.Interactive.removeFromGroup,common.Interactive,no,Registered; individual UI behavior not verified,8
common.Interactive.replaceAll,common.Interactive,no,Registered; individual UI behavior not verified,8
common.Interactive.replaceAndFindNext,common.Interactive,no,Registered; individual UI behavior not verified,8
common.Interactive.search,common.Interactive,no,Registered; individual UI behavior not verified,8
common.Interactive.selectAll,common.Interactive,yes,Registered; individual UI behavior not verified,8
common.Interactive.selectSetLasso,common.Interactive,no,Registered; individual UI behavior not verified,8
common.Interactive.selectSetRect,common.Interactive,no,Registered; individual UI behavior not verified,8
common.Interactive.undo,common.Interactive,yes,AnEditIsRecordedUndoneAndRedone,6
common.Interactive.ungroup,common.Interactive,no,Registered; individual UI behavior not verified,8
common.Interactive.unselectAll,common.Interactive,yes,Registered; individual UI behavior not verified,8
common.Interactive.updateMenu,common.Interactive,no,Registered; individual UI behavior not verified,8
common.InteractiveDrawing.arcPosture,common.InteractiveDrawing,no,Registered; individual UI behavior not verified,8
common.InteractiveDrawing.deleteLastPoint,common.InteractiveDrawing,no,Registered; individual UI behavior not verified,8
common.InteractivePicker.pickerSubTool,common.InteractivePicker,no,Registered; individual UI behavior not verified,8
common.InteractivePicker.pickerTool,common.InteractivePicker,no,Registered; individual UI behavior not verified,8
common.InteractiveSelection,common.InteractiveSelection,no,Registered; individual UI behavior not verified,8
common.InteractiveSelection.Rows,common.InteractiveSelection,no,Registered; individual UI behavior not verified,8
common.InteractiveSelection.SelectColumns,common.InteractiveSelection,no,Registered; individual UI behavior not verified,8
common.InteractiveSelection.SelectTable,common.InteractiveSelection,no,Registered; individual UI behavior not verified,8
common.InteractiveSelection.clear,common.InteractiveSelection,no,Registered; individual UI behavior not verified,8
common.InteractiveSelection.cursor,common.InteractiveSelection,no,Registered; individual UI behavior not verified,8
common.InteractiveSelection.reselectItem,common.InteractiveSelection,no,Registered; individual UI behavior not verified,8
common.InteractiveSelection.selectItem,common.InteractiveSelection,no,Registered; individual UI behavior not verified,8
common.InteractiveSelection.selectItems,common.InteractiveSelection,no,Registered; individual UI behavior not verified,8
common.InteractiveSelection.selectionMenu,common.InteractiveSelection,no,Registered; individual UI behavior not verified,8
common.InteractiveSelection.selectionTool,common.InteractiveSelection,yes,Registered; individual UI behavior not verified,8
common.InteractiveSelection.unselectItem,common.InteractiveSelection,no,Registered; individual UI behavior not verified,8
common.InteractiveSelection.unselectItems,common.InteractiveSelection,no,Registered; individual UI behavior not verified,8
common.SuiteControl.about,common.SuiteControl,yes,Registered; individual UI behavior not verified,14
common.SuiteControl.configurePaths,common.SuiteControl,yes,Registered; individual UI behavior not verified,14
common.SuiteControl.donate,common.SuiteControl,no,Registered; individual UI behavior not verified,14
common.SuiteControl.getInvolved,common.SuiteControl,yes,Registered; individual UI behavior not verified,14
common.SuiteControl.gettingStarted,common.SuiteControl,yes,Registered; individual UI behavior not verified,14
common.SuiteControl.help,common.SuiteControl,yes,Registered; individual UI behavior not verified,14
common.SuiteControl.listHotKeys,common.SuiteControl,yes,Registered; individual UI behavior not verified,14
common.SuiteControl.openPreferences,common.SuiteControl,yes,Registered; individual UI behavior not verified,14
common.SuiteControl.reportBug,common.SuiteControl,yes,Registered; individual UI behavior not verified,14
common.SuiteControl.showDesignBLockLibTable,common.SuiteControl,no,Registered; individual UI behavior not verified,14
common.SuiteControl.showFootprintLibTable,common.SuiteControl,no,Registered; individual UI behavior not verified,14
common.SuiteControl.showSymbolLibTable,common.SuiteControl,yes,Registered; individual UI behavior not verified,14
common.TableEditor.addColAfter,common.TableEditor,no,Registered; individual UI behavior not verified,11
common.TableEditor.addColBefore,common.TableEditor,no,Registered; individual UI behavior not verified,11
common.TableEditor.addRowAbove,common.TableEditor,no,Registered; individual UI behavior not verified,11
common.TableEditor.addRowBelow,common.TableEditor,no,Registered; individual UI behavior not verified,11
common.TableEditor.deleteColumns,common.TableEditor,no,Registered; individual UI behavior not verified,11
common.TableEditor.deleteRows,common.TableEditor,no,Registered; individual UI behavior not verified,11
common.TableEditor.exportTableCSV,common.TableEditor,no,Registered; individual UI behavior not verified,11
common.TableEditor.mergeCells,common.TableEditor,no,Registered; individual UI behavior not verified,11
common.TableEditor.unmergeCell,common.TableEditor,no,Registered; individual UI behavior not verified,11
eeschema.Align.alignBottom,eeschema.Align,no,Registered; individual UI behavior not verified,8
eeschema.Align.alignCenterX,eeschema.Align,no,Registered; individual UI behavior not verified,8
eeschema.Align.alignCenterY,eeschema.Align,no,Registered; individual UI behavior not verified,8
eeschema.Align.alignLeft,eeschema.Align,no,Registered; individual UI behavior not verified,8
eeschema.Align.alignRight,eeschema.Align,no,Registered; individual UI behavior not verified,8
eeschema.Align.alignTop,eeschema.Align,no,Registered; individual UI behavior not verified,8
eeschema.AlignToGrid,eeschema.AlignToGrid,no,Registered; individual UI behavior not verified,8
eeschema.EditorControl.addVariant,eeschema.EditorControl,no,Registered; individual UI behavior not verified,8
eeschema.EditorControl.angleSnapModeChanged,eeschema.EditorControl,no,Registered; individual UI behavior not verified,8
eeschema.EditorControl.annotate,eeschema.EditorControl,yes,Registered; individual UI behavior not verified,8
eeschema.EditorControl.annotateAutomatically,eeschema.EditorControl,no,Registered; individual UI behavior not verified,8
eeschema.EditorControl.assignFootprints,eeschema.EditorControl,yes,Registered; individual UI behavior not verified,8
eeschema.EditorControl.clearHighlight,eeschema.EditorControl,yes,Registered; individual UI behavior not verified,8
eeschema.EditorControl.copyVariant,eeschema.EditorControl,no,Registered; individual UI behavior not verified,8
eeschema.EditorControl.createNetChain,eeschema.EditorControl,yes,Registered; individual UI behavior not verified,8
eeschema.EditorControl.createNetChainBetweenPins,eeschema.EditorControl,no,Registered; individual UI behavior not verified,8
eeschema.EditorControl.ddAddImage,eeschema.EditorControl,no,Registered; individual UI behavior not verified,8
eeschema.EditorControl.ddAppendFile,eeschema.EditorControl,no,Registered; individual UI behavior not verified,8
eeschema.EditorControl.ddImportGraphics,eeschema.EditorControl,no,Registered; individual UI behavior not verified,8
eeschema.EditorControl.drawSheetOnClipboard,eeschema.EditorControl,no,Registered; individual UI behavior not verified,8
eeschema.EditorControl.editLibSymbolWithSymbolEditor,eeschema.EditorControl,no,Registered; individual UI behavior not verified,8
eeschema.EditorControl.editPageNumber,eeschema.EditorControl,no,Registered; individual UI behavior not verified,8
eeschema.EditorControl.editSymbolFields,eeschema.EditorControl,yes,Registered; individual UI behavior not verified,8
eeschema.EditorControl.editSymbolLibraryLinks,eeschema.EditorControl,yes,Registered; individual UI behavior not verified,8
eeschema.EditorControl.editVariantDescription,eeschema.EditorControl,no,Registered; individual UI behavior not verified,8
eeschema.EditorControl.editWithSymbolEditor,eeschema.EditorControl,no,Registered; individual UI behavior not verified,8
eeschema.EditorControl.exportNetlist,eeschema.EditorControl,yes,Registered; individual UI behavior not verified,8
eeschema.EditorControl.exportSymbolsToLibrary,eeschema.EditorControl,yes,Registered; individual UI behavior not verified,8
eeschema.EditorControl.generateBOM,eeschema.EditorControl,yes,Registered; individual UI behavior not verified,8
eeschema.EditorControl.generateBOMExternal,eeschema.EditorControl,no,Registered; individual UI behavior not verified,8
eeschema.EditorControl.generateBOMLegacy,eeschema.EditorControl,no,Registered; individual UI behavior not verified,8
eeschema.EditorControl.highlightNet,eeschema.EditorControl,yes,Registered; individual UI behavior not verified,8
eeschema.EditorControl.highlightNetChain,eeschema.EditorControl,no,Registered; individual UI behavior not verified,8
eeschema.EditorControl.highlightNetTool,eeschema.EditorControl,yes,Registered; individual UI behavior not verified,8
eeschema.EditorControl.importFPAssignments,eeschema.EditorControl,no,Registered; individual UI behavior not verified,8
eeschema.EditorControl.importGraphics,eeschema.EditorControl,no,Registered; individual UI behavior not verified,8
eeschema.EditorControl.importNonKicadSchematic,eeschema.EditorControl,no,Registered; individual UI behavior not verified,8
eeschema.EditorControl.incrementAnnotations,eeschema.EditorControl,yes,Registered; individual UI behavior not verified,8
eeschema.EditorControl.lineMode45,eeschema.EditorControl,no,Registered; individual UI behavior not verified,8
eeschema.EditorControl.lineModeFree,eeschema.EditorControl,no,Registered; individual UI behavior not verified,8
eeschema.EditorControl.lineModeNext,eeschema.EditorControl,no,Registered; individual UI behavior not verified,8
eeschema.EditorControl.lineModeOrthonal,eeschema.EditorControl,no,Registered; individual UI behavior not verified,8
eeschema.EditorControl.markSimExclusions,eeschema.EditorControl,no,Registered; individual UI behavior not verified,8
eeschema.EditorControl.nameNetChain,eeschema.EditorControl,no,Registered; individual UI behavior not verified,8
eeschema.EditorControl.nextNetItem,eeschema.EditorControl,no,Registered; individual UI behavior not verified,8
eeschema.EditorControl.nextUnit,eeschema.EditorControl,no,Registered; individual UI behavior not verified,8
eeschema.EditorControl.previousNetItem,eeschema.EditorControl,no,Registered; individual UI behavior not verified,8
eeschema.EditorControl.previousUnit,eeschema.EditorControl,no,Registered; individual UI behavior not verified,8
eeschema.EditorControl.remapSymbols,eeschema.EditorControl,yes,Registered; individual UI behavior not verified,8
eeschema.EditorControl.removeFromNetChain,eeschema.EditorControl,no,Registered; individual UI behavior not verified,8
eeschema.EditorControl.removeVariant,eeschema.EditorControl,no,Registered; individual UI behavior not verified,8
eeschema.EditorControl.renameVariant,eeschema.EditorControl,no,Registered; individual UI behavior not verified,8
eeschema.EditorControl.replaceTerminalPin,eeschema.EditorControl,no,Registered; individual UI behavior not verified,8
eeschema.EditorControl.rescueSymbols,eeschema.EditorControl,yes,Registered; individual UI behavior not verified,8
eeschema.EditorControl.restartMove,eeschema.EditorControl,no,Registered; individual UI behavior not verified,8
eeschema.EditorControl.saveCurrSheetCopyAs,eeschema.EditorControl,no,Registered; individual UI behavior not verified,8
eeschema.EditorControl.schematicSetup,eeschema.EditorControl,yes,Registered; individual UI behavior not verified,8
eeschema.EditorControl.selectOnPCB,eeschema.EditorControl,no,Registered; individual UI behavior not verified,8
eeschema.EditorControl.setDNP,eeschema.EditorControl,no,Registered; individual UI behavior not verified,8
eeschema.EditorControl.setExcludeFromBOM,eeschema.EditorControl,no,Registered; individual UI behavior not verified,8
eeschema.EditorControl.setExcludeFromBoard,eeschema.EditorControl,no,Registered; individual UI behavior not verified,8
eeschema.EditorControl.setExcludeFromPosFiles,eeschema.EditorControl,no,Registered; individual UI behavior not verified,8
eeschema.EditorControl.setExcludeFromSimulation,eeschema.EditorControl,no,Registered; individual UI behavior not verified,8
eeschema.EditorControl.showDirectiveLabels,eeschema.EditorControl,yes,Registered; individual UI behavior not verified,8
eeschema.EditorControl.showERCErrors,eeschema.EditorControl,no,Registered; individual UI behavior not verified,8
eeschema.EditorControl.showERCExclusions,eeschema.EditorControl,no,Registered; individual UI behavior not verified,8
eeschema.EditorControl.showERCWarnings,eeschema.EditorControl,yes,Registered; individual UI behavior not verified,8
eeschema.EditorControl.showHiddenFields,eeschema.EditorControl,no,Registered; individual UI behavior not verified,8
eeschema.EditorControl.showHiddenPins,eeschema.EditorControl,yes,Registered; individual UI behavior not verified,8
eeschema.EditorControl.showNetNavigator,eeschema.EditorControl,yes,Registered; individual UI behavior not verified,8
eeschema.EditorControl.showOperatingPointCurrents,eeschema.EditorControl,no,Registered; individual UI behavior not verified,8
eeschema.EditorControl.showOperatingPointVoltages,eeschema.EditorControl,no,Registered; individual UI behavior not verified,8
eeschema.EditorControl.showPcbNew,eeschema.EditorControl,no,Registered; individual UI behavior not verified,8
eeschema.EditorControl.showSimulator,eeschema.EditorControl,yes,Registered; individual UI behavior not verified,8
eeschema.EditorControl.togglePinAltIcons,eeschema.EditorControl,no,Registered; individual UI behavior not verified,8
eeschema.EditorControl.updateNetHighlighting,eeschema.EditorControl,no,Registered; individual UI behavior not verified,8
eeschema.EditorTool.showHierarchy,eeschema.EditorTool,no,Registered; individual UI behavior not verified,8
eeschema.InspectionTool.CompareSchematicWithFile,eeschema.InspectionTool,no,Registered; individual UI behavior not verified,13
eeschema.InspectionTool.CompareSchematicWithHistory,eeschema.InspectionTool,no,Registered; individual UI behavior not verified,13
eeschema.InspectionTool.checkSymbol,eeschema.InspectionTool,no,Registered; individual UI behavior not verified,13
eeschema.InspectionTool.diffSymbol,eeschema.InspectionTool,no,Registered; individual UI behavior not verified,13
eeschema.InspectionTool.runERC,eeschema.InspectionTool,yes,Registered; individual UI behavior not verified,13
eeschema.InspectionTool.showBusSyntaxHelp,eeschema.InspectionTool,yes,Registered; individual UI behavior not verified,13
eeschema.Interactive.decrementPrimary,eeschema.Interactive,no,Registered; individual UI behavior not verified,8
eeschema.Interactive.decrementSecondary,eeschema.Interactive,no,Registered; individual UI behavior not verified,8
eeschema.Interactive.increment,eeschema.Interactive,no,Registered; individual UI behavior not verified,8
eeschema.Interactive.incrementPrimary,eeschema.Interactive,no,Registered; individual UI behavior not verified,8
eeschema.Interactive.incrementSecondary,eeschema.Interactive,no,Registered; individual UI behavior not verified,8
eeschema.InteractiveDrawing.autoplaceAllSheetPins,eeschema.InteractiveDrawing,no,Registered; individual UI behavior not verified,8
eeschema.InteractiveDrawing.closeOutline,eeschema.InteractiveDrawing,no,Registered; individual UI behavior not verified,8
eeschema.InteractiveDrawing.drawArc,eeschema.InteractiveDrawing,yes,Registered; individual UI behavior not verified,8
eeschema.InteractiveDrawing.drawBezier,eeschema.InteractiveDrawing,yes,Registered; individual UI behavior not verified,8
eeschema.InteractiveDrawing.drawCircle,eeschema.InteractiveDrawing,yes,Registered; individual UI behavior not verified,8
eeschema.InteractiveDrawing.drawEllipse,eeschema.InteractiveDrawing,yes,Registered; individual UI behavior not verified,8
eeschema.InteractiveDrawing.drawEllipseArc,eeschema.InteractiveDrawing,yes,Registered; individual UI behavior not verified,8
eeschema.InteractiveDrawing.drawPolygon,eeschema.InteractiveDrawing,yes,Registered; individual UI behavior not verified,8
eeschema.InteractiveDrawing.drawRectangle,eeschema.InteractiveDrawing,yes,Registered; individual UI behavior not verified,8
eeschema.InteractiveDrawing.drawRuleArea,eeschema.InteractiveDrawing,yes,Registered; individual UI behavior not verified,8
eeschema.InteractiveDrawing.drawSheet,eeschema.InteractiveDrawing,yes,Registered; individual UI behavior not verified,8
eeschema.InteractiveDrawing.drawSheetFromDesignBlock,eeschema.InteractiveDrawing,no,Registered; individual UI behavior not verified,8
eeschema.InteractiveDrawing.drawSheetFromFile,eeschema.InteractiveDrawing,no,Registered; individual UI behavior not verified,8
eeschema.InteractiveDrawing.drawTable,eeschema.InteractiveDrawing,yes,Registered; individual UI behavior not verified,8
eeschema.InteractiveDrawing.drawTextBox,eeschema.InteractiveDrawing,yes,Registered; individual UI behavior not verified,8
eeschema.InteractiveDrawing.importSheet,eeschema.InteractiveDrawing,no,Registered; individual UI behavior not verified,8
eeschema.InteractiveDrawing.placeBusWireEntry,eeschema.InteractiveDrawing,yes,Registered; individual UI behavior not verified,8
eeschema.InteractiveDrawing.placeClassLabel,eeschema.InteractiveDrawing,yes,Registered; individual UI behavior not verified,8
eeschema.InteractiveDrawing.placeDesignBlock,eeschema.InteractiveDrawing,no,Registered; individual UI behavior not verified,8
eeschema.InteractiveDrawing.placeGlobalLabel,eeschema.InteractiveDrawing,yes,Registered; individual UI behavior not verified,8
eeschema.InteractiveDrawing.placeHierarchicalLabel,eeschema.InteractiveDrawing,yes,Registered; individual UI behavior not verified,8
eeschema.InteractiveDrawing.placeImage,eeschema.InteractiveDrawing,yes,Registered; individual UI behavior not verified,8
eeschema.InteractiveDrawing.placeJunction,eeschema.InteractiveDrawing,yes,Registered; individual UI behavior not verified,8
eeschema.InteractiveDrawing.placeLabel,eeschema.InteractiveDrawing,yes,Registered; individual UI behavior not verified,8
eeschema.InteractiveDrawing.placeLinkedDesignBlock,eeschema.InteractiveDrawing,no,Registered; individual UI behavior not verified,8
eeschema.InteractiveDrawing.placeNextSymbolUnit,eeschema.InteractiveDrawing,no,Registered; individual UI behavior not verified,8
eeschema.InteractiveDrawing.placeNoConnect,eeschema.InteractiveDrawing,yes,Registered; individual UI behavior not verified,8
eeschema.InteractiveDrawing.placePowerSymbol,eeschema.InteractiveDrawing,yes,Registered; individual UI behavior not verified,8
eeschema.InteractiveDrawing.placeSchematicText,eeschema.InteractiveDrawing,yes,Registered; individual UI behavior not verified,8
eeschema.InteractiveDrawing.placeSheetPin,eeschema.InteractiveDrawing,yes,Registered; individual UI behavior not verified,8
eeschema.InteractiveDrawing.placeSymbol,eeschema.InteractiveDrawing,yes,Registered; individual UI behavior not verified,8
eeschema.InteractiveDrawing.saveToLinkedDesignBlock,eeschema.InteractiveDrawing,no,Registered; individual UI behavior not verified,8
eeschema.InteractiveDrawing.syncAllSheetsPins,eeschema.InteractiveDrawing,yes,Registered; individual UI behavior not verified,8
eeschema.InteractiveDrawing.syncSheetPins,eeschema.InteractiveDrawing,yes,Registered; individual UI behavior not verified,8
eeschema.InteractiveDrawingLineWireBus.drawBuses,eeschema.InteractiveDrawingLineWireBus,yes,Registered; individual UI behavior not verified,8
eeschema.InteractiveDrawingLineWireBus.drawLines,eeschema.InteractiveDrawingLineWireBus,yes,Registered; individual UI behavior not verified,8
eeschema.InteractiveDrawingLineWireBus.drawWires,eeschema.InteractiveDrawingLineWireBus,yes,AWireCanBeDrawnWithThePointer,6
eeschema.InteractiveDrawingLineWireBus.switchPosture,eeschema.InteractiveDrawingLineWireBus,no,Registered; individual UI behavior not verified,8
eeschema.InteractiveDrawingLineWireBus.undoLastSegment,eeschema.InteractiveDrawingLineWireBus,no,Registered; individual UI behavior not verified,8
eeschema.InteractiveDrawingLineWireBus.unfoldBus,eeschema.InteractiveDrawingLineWireBus,no,Registered; individual UI behavior not verified,8
eeschema.InteractiveEdit.assignNetclass,eeschema.InteractiveEdit,no,Registered; individual UI behavior not verified,8
eeschema.InteractiveEdit.autoplaceFields,eeschema.InteractiveEdit,no,Registered; individual UI behavior not verified,8
eeschema.InteractiveEdit.breakWire,eeschema.InteractiveEdit,no,Registered; individual UI behavior not verified,8
eeschema.InteractiveEdit.changeSymbol,eeschema.InteractiveEdit,no,Registered; individual UI behavior not verified,8
eeschema.InteractiveEdit.changeSymbols,eeschema.InteractiveEdit,yes,Registered; individual UI behavior not verified,8
eeschema.InteractiveEdit.cleanupSheetPins,eeschema.InteractiveEdit,no,Registered; individual UI behavior not verified,8
eeschema.InteractiveEdit.clearVariantSymbol,eeschema.InteractiveEdit,no,Registered; individual UI behavior not verified,8
eeschema.InteractiveEdit.convertStackedPins,eeschema.InteractiveEdit,no,Registered; individual UI behavior not verified,8
eeschema.InteractiveEdit.editFootprint,eeschema.InteractiveEdit,no,Registered; individual UI behavior not verified,8
eeschema.InteractiveEdit.editReference,eeschema.InteractiveEdit,no,Registered; individual UI behavior not verified,8
eeschema.InteractiveEdit.editSymbolPinMaps,eeschema.InteractiveEdit,yes,Registered; individual UI behavior not verified,8
eeschema.InteractiveEdit.editTextAndGraphics,eeschema.InteractiveEdit,yes,Registered; individual UI behavior not verified,8
eeschema.InteractiveEdit.editValue,eeschema.InteractiveEdit,no,Registered; individual UI behavior not verified,8
eeschema.InteractiveEdit.explodeStackedPin,eeschema.InteractiveEdit,no,Registered; individual UI behavior not verified,8
eeschema.InteractiveEdit.findNetInInspector,eeschema.InteractiveEdit,no,Registered; individual UI behavior not verified,8
eeschema.InteractiveEdit.lock,eeschema.InteractiveEdit,no,Registered; individual UI behavior not verified,8
eeschema.InteractiveEdit.mirrorH,eeschema.InteractiveEdit,no,RotatingAndMirroringSymbolsMatchNativeGeometry,6
eeschema.InteractiveEdit.mirrorV,eeschema.InteractiveEdit,no,Registered; individual UI behavior not verified,8
eeschema.InteractiveEdit.pinTable,eeschema.InteractiveEdit,yes,Registered; individual UI behavior not verified,8
eeschema.InteractiveEdit.properties,eeschema.InteractiveEdit,yes,Registered; individual UI behavior not verified,8
eeschema.InteractiveEdit.repeatDrawItem,eeschema.InteractiveEdit,no,DuplicateAndRepeatCommitOnceWithFreshIdentity,6
eeschema.InteractiveEdit.rotateCCW,eeschema.InteractiveEdit,no,RotatingAndMirroringSymbolsMatchNativeGeometry,6
eeschema.InteractiveEdit.rotateCW,eeschema.InteractiveEdit,no,Registered; individual UI behavior not verified,8
eeschema.InteractiveEdit.setVariantSymbol,eeschema.InteractiveEdit,no,Registered; individual UI behavior not verified,8
eeschema.InteractiveEdit.slice,eeschema.InteractiveEdit,no,Registered; individual UI behavior not verified,8
eeschema.InteractiveEdit.swap,eeschema.InteractiveEdit,no,Registered; individual UI behavior not verified,8
eeschema.InteractiveEdit.swapPinLabels,eeschema.InteractiveEdit,no,Registered; individual UI behavior not verified,8
eeschema.InteractiveEdit.swapPins,eeschema.InteractiveEdit,no,Registered; individual UI behavior not verified,8
eeschema.InteractiveEdit.swapUnitLabels,eeschema.InteractiveEdit,no,Registered; individual UI behavior not verified,8
eeschema.InteractiveEdit.symbolProperties,eeschema.InteractiveEdit,yes,Registered; individual UI behavior not verified,8
eeschema.InteractiveEdit.toCLabel,eeschema.InteractiveEdit,no,Registered; individual UI behavior not verified,8
eeschema.InteractiveEdit.toGLabel,eeschema.InteractiveEdit,no,Registered; individual UI behavior not verified,8
eeschema.InteractiveEdit.toHLabel,eeschema.InteractiveEdit,no,Registered; individual UI behavior not verified,8
eeschema.InteractiveEdit.toLabel,eeschema.InteractiveEdit,no,Registered; individual UI behavior not verified,8
eeschema.InteractiveEdit.toText,eeschema.InteractiveEdit,no,Registered; individual UI behavior not verified,8
eeschema.InteractiveEdit.toTextBox,eeschema.InteractiveEdit,no,Registered; individual UI behavior not verified,8
eeschema.InteractiveEdit.toggleDeMorgan,eeschema.InteractiveEdit,no,BodyStyleUsesOneTransactionAndRejectsNoOps,6
eeschema.InteractiveEdit.toggleLock,eeschema.InteractiveEdit,no,Registered; individual UI behavior not verified,8
eeschema.InteractiveEdit.unlock,eeschema.InteractiveEdit,no,Registered; individual UI behavior not verified,8
eeschema.InteractiveEdit.updateSymbol,eeschema.InteractiveEdit,no,Registered; individual UI behavior not verified,8
eeschema.InteractiveEdit.updateSymbols,eeschema.InteractiveEdit,yes,Registered; individual UI behavior not verified,8
eeschema.InteractiveMove.drag,eeschema.InteractiveMove,no,Registered; individual UI behavior not verified,8
eeschema.InteractiveMove.move,eeschema.InteractiveMove,no,CancelMoveAndDuplicatePreservesIdentityAndUndo,6
eeschema.InteractiveSelection.SelectConnection,eeschema.InteractiveSelection,no,Registered; individual UI behavior not verified,8
eeschema.InteractiveSelection.SelectNode,eeschema.InteractiveSelection,no,Registered; individual UI behavior not verified,8
eeschema.InteractiveSelection.SyncSelection,eeschema.InteractiveSelection,no,Registered; individual UI behavior not verified,8
eeschema.NavigateTool.back,eeschema.NavigateTool,no,Registered; individual UI behavior not verified,8
eeschema.NavigateTool.changeSheet,eeschema.NavigateTool,no,Registered; individual UI behavior not verified,8
eeschema.NavigateTool.enterSheet,eeschema.NavigateTool,no,Registered; individual UI behavior not verified,8
eeschema.NavigateTool.forward,eeschema.NavigateTool,no,Registered; individual UI behavior not verified,8
eeschema.NavigateTool.leaveSheet,eeschema.NavigateTool,no,Registered; individual UI behavior not verified,8
eeschema.NavigateTool.next,eeschema.NavigateTool,no,Registered; individual UI behavior not verified,8
eeschema.NavigateTool.previous,eeschema.NavigateTool,no,Registered; individual UI behavior not verified,8
eeschema.NavigateTool.up,eeschema.NavigateTool,no,Registered; individual UI behavior not verified,8
eeschema.PinEditing.pushPinLength,eeschema.PinEditing,no,Registered; individual UI behavior not verified,12
eeschema.PinEditing.pushPinNameSize,eeschema.PinEditing,no,Registered; individual UI behavior not verified,12
eeschema.PinEditing.pushPinNumSize,eeschema.PinEditing,no,Registered; individual UI behavior not verified,12
eeschema.PointEditor.addCorner,eeschema.PointEditor,no,Registered; individual UI behavior not verified,8
eeschema.PointEditor.removeCorner,eeschema.PointEditor,no,Registered; individual UI behavior not verified,8
eeschema.RemoteSymbols.showPanel,eeschema.RemoteSymbols,no,Registered; individual UI behavior not verified,12
eeschema.SchDesignBlockControl.deleteDesignBlock,eeschema.SchDesignBlockControl,no,Registered; individual UI behavior not verified,12
eeschema.SchDesignBlockControl.editDesignBlockProperties,eeschema.SchDesignBlockControl,no,Registered; individual UI behavior not verified,12
eeschema.SchDesignBlockControl.saveSelectionAsDesignBlock,eeschema.SchDesignBlockControl,no,Registered; individual UI behavior not verified,12
eeschema.SchDesignBlockControl.saveSheetAsDesignBlock,eeschema.SchDesignBlockControl,no,Registered; individual UI behavior not verified,12
eeschema.SchDesignBlockControl.showDesignBlockPanel,eeschema.SchDesignBlockControl,no,Registered; individual UI behavior not verified,12
eeschema.SchDesignBlockControl.updateDesignBlockFromSelection,eeschema.SchDesignBlockControl,no,Registered; individual UI behavior not verified,12
eeschema.SchDesignBlockControl.updateDesignBlockFromSheet,eeschema.SchDesignBlockControl,no,Registered; individual UI behavior not verified,12
eeschema.Simulation.editUserDefinedSignals,eeschema.Simulation,no,Registered; individual UI behavior not verified,13
eeschema.Simulation.newAnalysisTab,eeschema.Simulation,no,Registered; individual UI behavior not verified,13
eeschema.Simulation.openWorkbook,eeschema.Simulation,no,Registered; individual UI behavior not verified,13
eeschema.Simulation.probe,eeschema.Simulation,no,Registered; individual UI behavior not verified,13
eeschema.Simulation.runSimulation,eeschema.Simulation,no,Registered; individual UI behavior not verified,13
eeschema.Simulation.saveWorkbook,eeschema.Simulation,no,Registered; individual UI behavior not verified,13
eeschema.Simulation.saveWorkbookAs,eeschema.Simulation,no,Registered; individual UI behavior not verified,13
eeschema.Simulation.showNetlist,eeschema.Simulation,no,Registered; individual UI behavior not verified,13
eeschema.Simulation.simAnalysisProperties,eeschema.Simulation,no,Registered; individual UI behavior not verified,13
eeschema.Simulation.stopSimulation,eeschema.Simulation,no,Registered; individual UI behavior not verified,13
eeschema.Simulation.tune,eeschema.Simulation,no,Registered; individual UI behavior not verified,13
eeschema.Simulator.exportCSV,eeschema.Simulator,no,Registered; individual UI behavior not verified,13
eeschema.Simulator.exportPNG,eeschema.Simulator,no,Registered; individual UI behavior not verified,13
eeschema.Simulator.exportPlotToSchematic,eeschema.Simulator,no,Registered; individual UI behavior not verified,13
eeschema.Simulator.exportToClipboard,eeschema.Simulator,no,Registered; individual UI behavior not verified,13
eeschema.Simulator.toggleDarkModePlots,eeschema.Simulator,no,Registered; individual UI behavior not verified,13
eeschema.Simulator.toggleDottedSecondary,eeschema.Simulator,no,Registered; individual UI behavior not verified,13
eeschema.Simulator.toggleLegend,eeschema.Simulator,no,Registered; individual UI behavior not verified,13
eeschema.Simulator.toggleSimConsole,eeschema.Simulator,no,Registered; individual UI behavior not verified,13
eeschema.Simulator.toggleSimSidePanel,eeschema.Simulator,no,Registered; individual UI behavior not verified,13
eeschema.Simulator.toggleSmithChart,eeschema.Simulator,no,Registered; individual UI behavior not verified,13
eeschema.SymbolDrawing.drawSymbolLines,eeschema.SymbolDrawing,no,Registered; individual UI behavior not verified,12
eeschema.SymbolDrawing.drawSymbolPolygon,eeschema.SymbolDrawing,no,Registered; individual UI behavior not verified,12
eeschema.SymbolDrawing.drawSymbolTextBox,eeschema.SymbolDrawing,no,Registered; individual UI behavior not verified,12
eeschema.SymbolDrawing.placeSymbolAnchor,eeschema.SymbolDrawing,no,Registered; individual UI behavior not verified,12
eeschema.SymbolDrawing.placeSymbolPin,eeschema.SymbolDrawing,no,Registered; individual UI behavior not verified,12
eeschema.SymbolDrawing.placeSymbolText,eeschema.SymbolDrawing,no,Registered; individual UI behavior not verified,12
eeschema.SymbolLibraryControl.CompareLibraryWithFile,eeschema.SymbolLibraryControl,no,Registered; individual UI behavior not verified,12
eeschema.SymbolLibraryControl.addSymbolToSchematic,eeschema.SymbolLibraryControl,no,Registered; individual UI behavior not verified,12
eeschema.SymbolLibraryControl.closeSymbolTab,eeschema.SymbolLibraryControl,no,Registered; individual UI behavior not verified,12
eeschema.SymbolLibraryControl.copySymbol,eeschema.SymbolLibraryControl,no,Registered; individual UI behavior not verified,12
eeschema.SymbolLibraryControl.cutSymbol,eeschema.SymbolLibraryControl,no,Registered; individual UI behavior not verified,12
eeschema.SymbolLibraryControl.deleteSymbol,eeschema.SymbolLibraryControl,no,Registered; individual UI behavior not verified,12
eeschema.SymbolLibraryControl.deriveFromExistingSymbol,eeschema.SymbolLibraryControl,no,Registered; individual UI behavior not verified,12
eeschema.SymbolLibraryControl.duplicateSymbol,eeschema.SymbolLibraryControl,no,Registered; individual UI behavior not verified,12
eeschema.SymbolLibraryControl.editSymbol,eeschema.SymbolLibraryControl,no,Registered; individual UI behavior not verified,12
eeschema.SymbolLibraryControl.exportSymbol,eeschema.SymbolLibraryControl,no,Registered; individual UI behavior not verified,12
eeschema.SymbolLibraryControl.exportSymbolAsSVG,eeschema.SymbolLibraryControl,no,Registered; individual UI behavior not verified,12
eeschema.SymbolLibraryControl.exportSymbolView,eeschema.SymbolLibraryControl,no,Registered; individual UI behavior not verified,12
eeschema.SymbolLibraryControl.flattenSymbol,eeschema.SymbolLibraryControl,no,Registered; individual UI behavior not verified,12
eeschema.SymbolLibraryControl.importSymbol,eeschema.SymbolLibraryControl,yes,Registered; individual UI behavior not verified,12
eeschema.SymbolLibraryControl.newSymbol,eeschema.SymbolLibraryControl,yes,Registered; individual UI behavior not verified,12
eeschema.SymbolLibraryControl.nextSymbol,eeschema.SymbolLibraryControl,no,Registered; individual UI behavior not verified,12
eeschema.SymbolLibraryControl.nextSymbolTab,eeschema.SymbolLibraryControl,no,Registered; individual UI behavior not verified,12
eeschema.SymbolLibraryControl.pasteSymbol,eeschema.SymbolLibraryControl,no,Registered; individual UI behavior not verified,12
eeschema.SymbolLibraryControl.prevSymbolTab,eeschema.SymbolLibraryControl,no,Registered; individual UI behavior not verified,12
eeschema.SymbolLibraryControl.previousSymbol,eeschema.SymbolLibraryControl,no,Registered; individual UI behavior not verified,12
eeschema.SymbolLibraryControl.renameFootprint,eeschema.SymbolLibraryControl,no,Registered; individual UI behavior not verified,12
eeschema.SymbolLibraryControl.saveLibraryAs,eeschema.SymbolLibraryControl,no,Registered; individual UI behavior not verified,12
eeschema.SymbolLibraryControl.saveSymbolAs,eeschema.SymbolLibraryControl,no,Registered; individual UI behavior not verified,12
eeschema.SymbolLibraryControl.saveSymbolCopyAs,eeschema.SymbolLibraryControl,no,Registered; individual UI behavior not verified,12
eeschema.SymbolLibraryControl.showElectricalTypes,eeschema.SymbolLibraryControl,no,Registered; individual UI behavior not verified,12
eeschema.SymbolLibraryControl.showHiddenFields,eeschema.SymbolLibraryControl,no,Registered; individual UI behavior not verified,12
eeschema.SymbolLibraryControl.showHiddenPins,eeschema.SymbolLibraryControl,no,Registered; individual UI behavior not verified,12
eeschema.SymbolLibraryControl.showLibraryFieldsTable,eeschema.SymbolLibraryControl,yes,Registered; individual UI behavior not verified,12
eeschema.SymbolLibraryControl.showPinNumbers,eeschema.SymbolLibraryControl,no,Registered; individual UI behavior not verified,12
eeschema.SymbolLibraryControl.showRelatedLibraryFieldsTable,eeschema.SymbolLibraryControl,yes,Registered; individual UI behavior not verified,12
eeschema.SymbolLibraryControl.toggleSyncedPinsMode,eeschema.SymbolLibraryControl,no,Registered; individual UI behavior not verified,12
eeschema.SymbolLibraryControl.updateSymbolFields,eeschema.SymbolLibraryControl,yes,Registered; individual UI behavior not verified,12
pcbnew.PointEditor.arcKeepCenter,pcbnew.PointEditor,no,Other consumer; outside schematic tool scope,19
pcbnew.PointEditor.arcKeepEndpoint,pcbnew.PointEditor,no,Other consumer; outside schematic tool scope,19
pcbnew.PointEditor.arcKeepRadius,pcbnew.PointEditor,no,Other consumer; outside schematic tool scope,19
pcbnew.TableEditor.editTable,pcbnew.TableEditor,no,Other consumer; outside schematic tool scope,11
